repository,notD_total_lines_of_code,,language
boseon-ai/Conditional-Temporal-Neural-Processes-with-Covariance-Loss,47,small,Python
Group-TanakaIshii/word_taylor,167,small,Python
cihangxie/DI-2-FGSM,192,small,Python
butnaruandrei/MOROCO,373,small,Python
adler-j/bwgan,424,small,Python
declare-lab/MELD,529,small,Python
dmzou/RSRAE,554,small,Python
IliasZadik/double_orthogonal_ml,609,small,Python
codogogo/xling-eval,651,small,Python
shentianxiao/text-autoencoders,693,small,Python
jiahaowork/idam,727,small,Python
wang-chen/lgl-action-recognition,743,small,Python
chirag126/VOG,751,small,Python
coolsunxu/sophie,769,small,Python
google/svcca,794,small,Python
fairnas/FairNAS,800,small,Python
chhwang/cmcl,890,small,Python
thunlp/Character-enhanced-Sememe-Prediction,962,small,Python
denisyarats/drq,981,small,Python
mp2893/retain,1067,small,Python
loyoyang/decota,1087,small,Python
Ding-Liu/NLRN,1161,small,Python
duorc/duorc,1236,small,Python
tancik/StegaStamp,1282,small,Python
Alibaba-MIIL/ASL,1326,small,Python
facebookresearch/hypernymysuite,1352,small,Python
ShichenLiu/CondenseNet,1438,small,Python
bertjiazheng/Structured3D,1462,small,Python
maciejzieba/binGAN,1556,small,Python
authors-1901-10912/A-Meta-Transfer-Objective-For-Learning-To-Disentangle-Causal-Mechanisms,1590,small,Python
malllabiisc/WordGCN,1643,small,Python
c-hofer/persistent_homology_toolbox,1721,small,Python
facebookresearch/low-shot-shrink-hallucinate,1774,small,Python
mdeff/cnn_graph,1836,small,Python
wzmsltw/BSN-boundary-sensitive-network.pytorch,1851,small,Python
salesforce/PCL,1872,small,Python
PKU-AI-Edge/DGN,1895,small,Python
dmsm/DeepParametricShapes,1906,small,Python
Gordonjo/versa,1919,small,Python
tarun005/USSS_ICCV19,1949,small,Python
ermongroup/a-nice-mc,2021,small,Python
swing-research/deepmesh,2094,small,Python
facebookresearch/spreadingvectors,2184,small,Python
Arjung27/DeepThinking,2201,small,Python
prasunroy/stefann,2225,small,Python
mahyarnajibi/SSH,2271,small,Python
mattjj/svae,2404,small,Python
jiesutd/LatticeLSTM,2496,small,Python
tobran/DF-GAN,2521,small,Python
lgcnsai/ps-kd-pytorch,2630,small,Python
SLDGroup/NN_Mass,2776,small,Python
HobbitLong/CMC,2834,small,Python
junyanz/BicycleGAN,2933,small,Python
alexnowakvila/DiCoNet,2956,small,Python
NVIDIA/flowtron,2973,small,Python
microsoft/Multilingual-Model-Transfer,2996,small,Python
speedinghzl/CCNet,3074,small,Python
Boyiliee/MoEx,3110,small,Python
reactive-systems/deepltl,3134,small,Python
andrewgordonwilson/bayesgan,3218,small,Python
openai/random-network-distillation,3247,small,Python
xingyul/flownet3d,3344,small,Python
xingyul/flownet3d,3344,small,Python
sandropezzelle/fill-in-the-quant,3356,small,Python
njuhuojing/mast,3387,small,Python
aimagelab/novelty-detection,3461,small,Python
boknilev/nmt-repr-analysis,3799,small,Python
kreshuklab/spoco,3904,small,Python
clovaai/tunit,3926,small,Python
vineetjohn/linguistic-style-transfer,4003,small,Python
twke18/Adversarial_Structure_Matching,4031,small,Python
borgwardtlab/togl,4337,small,Python
szq0214/DSOD,4515,small,Python
hendrycks/imagenet-r,4526,small,Python
emtiyaz/vmp-for-svae,4536,small,Python
3DVisionISR/3DRegNet,4656,small,Python
huangwl18/modular-rl,4684,small,Python
uber/sbnet,4799,small,Python
alldbi/SuperMix,4865,small,Python
CuriousAI/mean-teacher,4906,small,Python
gpapamak/maf,5049,medium,Python
princeton-computational-imaging/SeeingThroughFog,5086,medium,Python
barisgecer/TBGAN,5157,medium,Python
wanghm92/Sing_Par,5196,medium,Python
YichenGong/Densely-Interactive-Inference-Network,5207,medium,Python
fab-jul/imgcomp-cvpr,5257,medium,Python
thunlp/DIAG-NRE,5282,medium,Python
javiribera/locating-objects-without-bboxes,5385,medium,Python
pclucas14/GansFallingShort,5394,medium,Python
junyanz/VON,5498,medium,Python
alievk/npbg,5596,medium,Python
ParthaEth/Regularized_autoencoders-RAE-,5626,medium,Python
lancopku/Global-Encoding,6026,medium,Python
tyler-hayes/REMIND,6136,medium,Python
OasisYang/SSG,6317,medium,Python
akanimax/msg-stylegan-tf,6742,medium,Python
MichaelArbel/GeneralizedEBM,6958,medium,Python
lucfra/RFHO,7724,medium,Python
ogroth/shapestacks,7905,medium,Python
lzqsd/InverseRenderingOfIndoorScene,7986,medium,Python
nikitakit/self-attentive-parser,8307,medium,Python
rdevon/IRVI,8349,medium,Python
vikasverma1077/manifold_mixup,8783,medium,Python
xrenaa/DisCo,9060,medium,Python
google/tf_mesh_renderer,9458,medium,Python
sidaw/polymom,9704,medium,Python
csinva/hierarchical-dnn-interpretations,9859,medium,Python
hansen7/OcCo,10772,large,Python
devnkong/FLAG,12543,large,Python
ShuhangGu/DASR,12847,large,Python
SysCV/bdd100k-models,12962,large,Python
brendenpetersen/deep-symbolic-regression,13649,large,Python
kirthevasank/nasbot,13896,large,Python
yinboc/few-shot-meta-baseline,16175,large,Python
Howal/Cross-iterationBatchNorm,19925,large,Python
lmb-freiburg/understanding_flow_robustness,19975,large,Python
msracver/Relation-Networks-for-Object-Detection,21177,large,Python
Vision-CAIR/LTVRR,24499,large,Python
anonymous-p/Flickering_Adversarial_Video,25502,large,Python
jiangzhengkai/LSTS,33060,large,Python
MahyarNajibi/SNIPER,38832,large,Python
TRI-ML/packnet-sfm,63246,large,Python
wy1iu/sphereface,81739,large,Python
HikariTJU/LD,88738,large,Python
dibyaghosh/gcsl,178976,large,Python